{
  "center": [
    61.1052604588654,
    24.324535606693694,
    17.160999141356285
  ],
  "box_size": [
    20.0,
    25.0,
    30.0
  ],
  "exhaustiveness": 4,
  "n_poses": 20
}